{
  "train_loss": [
    2.3334001735517176,
    2.2293898542975166,
    2.17891512251204,
    2.143323108648798,
    2.11020026237342,
    2.080195576522001,
    2.0519536794370907,
    1.9973703440587232,
    1.8789505389086,
    1.7191963491925768,
    1.5174580326505527,
    0.927375328388943,
    0.35366388652355046,
    0.13961669207093821,
    0.10192661049069872,
    0.09714283011735055,
    0.04812396595337588,
    0.06597464004602686,
    0.04367715949904482,
    0.2613683331277293,
    0.10024915679779117,
    0.05001515106173458,
    0.04819442878423887,
    0.095436405082779,
    0.03181692318854391,
    0.008647565304295748,
    0.008948736791840049,
    0.008215242782518695,
    0.028887004707939923,
    0.00933897051964679,
    0.007660459950981531,
    0.005178900824297682,
    0.005445323086078249,
    0.01416807026553389,
    0.02370855264524354,
    0.013321187897921973,
    0.007771092897820862,
    0.005609121998723086,
    0.006535652245040449,
    0.005223197230285443,
    0.0027948785434213056,
    0.0019892369925117144,
    0.004917907903684973,
    0.0070965341422083985,
    0.005551032953714703,
    0.006958664592709926,
    0.0022204292076676907,
    0.002349682954943792,
    0.001838687484769542,
    0.0022677717982327187
  ],
  "train_acc": [
    0.0011942675159235668,
    0.0023885350318471337,
    0.0040804140127388535,
    0.006170382165605096,
    0.008061305732484076,
    0.007961783439490446,
    0.009255573248407643,
    0.013435509554140128,
    0.0192078025477707,
    0.028562898089171975,
    0.05642914012738853,
    0.28433519108280253,
    0.7241242038216561,
    0.8936106687898089,
    0.9223726114649682,
    0.9272492038216561,
    0.9699442675159236,
    0.9538216560509554,
    0.9688495222929936,
    0.8093152866242038,
    0.9213773885350318,
    0.9661624203821656,
    0.9675557324840764,
    0.942078025477707,
    0.9798964968152867,
    0.9950238853503185,
    0.9955214968152867,
    0.9956210191082803,
    0.9894506369426752,
    0.9957205414012739,
    0.9957205414012739,
    0.9967157643312102,
    0.9963176751592356,
    0.9898487261146497,
    0.9856687898089171,
    0.9918391719745223,
    0.9955214968152867,
    0.9974124203821656,
    0.9963176751592356,
    0.9972133757961783,
    0.9983081210191083,
    0.9991042993630573,
    0.9970143312101911,
    0.9957205414012739,
    0.9966162420382165,
    0.9964171974522293,
    0.9988057324840764,
    0.9986066878980892,
    0.9991042993630573,
    0.9988057324840764
  ],
  "val_loss": [
    2.2348168566823006,
    2.1703168228268623,
    2.1436397060751915,
    2.116657868027687,
    2.080193493515253,
    2.048492945730686,
    2.0122251510620117,
    1.9563049972057343,
    1.7144341319799423,
    1.5468723364174366,
    1.1448998488485813,
    0.358275412581861,
    0.05442592327017337,
    0.027099545317469165,
    0.00837017622689018,
    0.008812071009742795,
    0.11681482591666281,
    0.002605148016300518,
    0.003877348915921175,
    0.19700254313647747,
    0.0023551589038106613,
    0.002603758101031417,
    0.013256885606097057,
    0.013189352164772572,
    0.002357815605137148,
    0.00012862266817137424,
    0.00011949687359447125,
    0.00016444087577838218,
    0.00019184029861207819,
    0.001325907971477136,
    0.00011177342685186886,
    9.714760471979389e-05,
    6.959187714983273e-05,
    0.00010969423919959809,
    0.00040286748571816133,
    0.00012198058016110735,
    7.224519470128143e-05,
    5.248902186849591e-05,
    5.784543054687674e-05,
    6.888143934702384e-05,
    4.477070751818246e-05,
    3.098368250675776e-05,
    4.907318941604899e-05,
    6.862084035219596e-05,
    0.0004031703853115687,
    5.0945836733262695e-05,
    3.278875459500341e-05,
    3.0280411237981752e-05,
    3.09023207591963e-05,
    2.570862352513359e-05
  ],
  "val_acc": [
    0.00048828125,
    0.00244140625,
    0.00439453125,
    0.0068359375,
    0.00439453125,
    0.01025390625,
    0.0126953125,
    0.0107421875,
    0.0263671875,
    0.046875,
    0.15673828125,
    0.71240234375,
    0.95263671875,
    0.9775390625,
    0.99609375,
    0.99267578125,
    0.955078125,
    0.9990234375,
    0.99658203125,
    0.82275390625,
    0.99951171875,
    0.9990234375,
    0.99267578125,
    0.99267578125,
    0.99951171875,
    1.0,
    1.0,
    1.0,
    1.0,
    0.99951171875,
    1.0,
    1.0,
    1.0,
    1.0,
    1.0,
    1.0,
    1.0,
    1.0,
    1.0,
    1.0,
    1.0,
    1.0,
    1.0,
    1.0,
    0.9990234375,
    1.0,
    1.0,
    1.0,
    1.0,
    1.0
  ],
  "test_loss": [
    0.0001220569886299927
  ],
  "test_acc": [
    1.0
  ]
}