{
  "train_loss": [
    0.7148601340640123,
    0.6937579683437469,
    0.6933375300875135,
    0.693137090676909,
    0.6931165806047476,
    0.6930261402373101,
    0.6930254656038467,
    0.6930523670403061,
    0.6930416192218756,
    0.6930278209364338,
    0.6929563807833726,
    0.6930030421086937,
    0.6929538504333254,
    0.6929647337858844,
    0.693032436310106,
    0.6930214443783851,
    0.6930147170261213,
    0.6929683875126443,
    0.6929835225366483,
    0.6929673757522729,
    0.6929590599552081,
    0.6929783547759816,
    0.6929771828043992,
    0.6929670595059729,
    0.6930223718570296,
    0.6929426656407156,
    0.6929433258475771,
    0.692987634497843,
    0.6929988530790729,
    0.6929768039162751
  ],
  "train_acc": [
    0.5032,
    0.4979,
    0.5095,
    0.5093,
    0.5093,
    0.5093,
    0.5093,
    0.5093,
    0.5093,
    0.5093,
    0.5093,
    0.5093,
    0.5093,
    0.5093,
    0.5077,
    0.5093,
    0.5093,
    0.5093,
    0.5093,
    0.5093,
    0.5093,
    0.5093,
    0.5093,
    0.5093,
    0.5093,
    0.5093,
    0.5093,
    0.5093,
    0.5093,
    0.5093
  ],
  "val_loss": [
    0.6970101855695248,
    0.6941611655056477,
    0.6944873053580523,
    0.6937420815229416,
    0.693720007315278,
    0.6936927288770676,
    0.6935654785484076,
    0.6936164181679487,
    0.693501265719533,
    0.693515419960022,
    0.6935560815036297,
    0.6936479043215513,
    0.693689189851284,
    0.6936678774654865,
    0.6936806123703718,
    0.6936817839741707,
    0.6936666537076235,
    0.693655613809824,
    0.693668520078063,
    0.6936583295464516,
    0.6936626136302948,
    0.6936608105897903,
    0.6936611477285624,
    0.6936583518981934,
    0.6936619225889444,
    0.693657822906971,
    0.6936605721712112,
    0.6936610862612724,
    0.6936601493507624,
    0.6936589181423187
  ],
  "val_acc": [
    0.494,
    0.494,
    0.494,
    0.494,
    0.494,
    0.494,
    0.494,
    0.494,
    0.494,
    0.494,
    0.494,
    0.494,
    0.494,
    0.494,
    0.494,
    0.494,
    0.494,
    0.494,
    0.494,
    0.494,
    0.494,
    0.494,
    0.494,
    0.494,
    0.494,
    0.494,
    0.494,
    0.494,
    0.494,
    0.494
  ],
  "test_loss": 0.6973482836037874,
  "test_acc": 0.49
}