{
  "train_loss": [
    0.7134021368755656,
    0.6936542232325122,
    0.6946173367226959,
    0.6930676398763231,
    0.6930940500490225,
    0.6931499922351473,
    0.6932331357791925,
    0.6930307977518458,
    0.6931498008928482,
    0.6931038498878479,
    0.6929608074722776,
    0.6929606977541736,
    0.6931360922041973,
    0.6931562359165994,
    0.69298436953004,
    0.6929685108980556,
    0.692909659094112,
    0.6930937945463096,
    0.6929521363252288,
    0.6929979487589211,
    0.6930471305634566,
    0.6930092949016838,
    0.6929324284480636,
    0.6929278749569207,
    0.6930044187102348,
    0.6929595151524635,
    0.6928768962811512,
    0.6929653875387398,
    0.6931230820667972,
    0.6929557843572774
  ],
  "train_acc": [
    0.5004,
    0.5,
    0.4985,
    0.5118,
    0.5076,
    0.5079,
    0.5065,
    0.5101,
    0.5059,
    0.507,
    0.511,
    0.5087,
    0.5033,
    0.5011,
    0.5108,
    0.5107,
    0.5117,
    0.5033,
    0.509,
    0.5061,
    0.5076,
    0.5078,
    0.5102,
    0.5115,
    0.5085,
    0.5082,
    0.512,
    0.5087,
    0.5006,
    0.5088
  ],
  "val_loss": [
    0.6930158492177725,
    0.6944364979863167,
    0.6941525116562843,
    0.6935740914195776,
    0.6933460608124733,
    0.6936331111937761,
    0.6932929642498493,
    0.6936281155794859,
    0.6935667097568512,
    0.6937834303826094,
    0.6936792638152838,
    0.693662665784359,
    0.6934894043952227,
    0.6934902556240559,
    0.6935576796531677,
    0.6935866344720125,
    0.6936232782900333,
    0.6935884933918715,
    0.6935949865728617,
    0.6935861296951771,
    0.6936097089201212,
    0.6935795601457357,
    0.6935852579772472,
    0.6936087664216757,
    0.6936116330325603,
    0.6936104614287615,
    0.6936139166355133,
    0.6936170235276222,
    0.693611416965723,
    0.6936118360608816
  ],
  "val_acc": [
    0.506,
    0.494,
    0.494,
    0.494,
    0.494,
    0.494,
    0.494,
    0.494,
    0.494,
    0.494,
    0.494,
    0.494,
    0.494,
    0.494,
    0.494,
    0.494,
    0.494,
    0.494,
    0.494,
    0.494,
    0.494,
    0.494,
    0.494,
    0.494,
    0.494,
    0.494,
    0.494,
    0.494,
    0.494,
    0.494
  ],
  "test_loss": 0.6928727850317955,
  "test_acc": 0.51
}