{
  "train_loss": [
    0.7231896557625691,
    0.6939408198283736,
    0.6934048199349907,
    0.6931617893990437,
    0.693089604757394,
    0.6932945316004905,
    0.6932224950213342,
    0.6930877668842389,
    0.6930270418999301,
    0.6930670555989453,
    0.693002820394601,
    0.692984294359851,
    0.6930138840796841,
    0.6930577781549685,
    0.6930543495591279,
    0.6930020831193134,
    0.6929804166411139,
    0.6929823608155463,
    0.6929827917153668,
    0.6929666885904445,
    0.6930120606331309,
    0.6929882574992575,
    0.6929814230864215,
    0.6929765252550696,
    0.6929902031922796,
    0.6929786030653935,
    0.6929898322767513,
    0.6929750340000079,
    0.6929669824375468,
    0.6929553629486425
  ],
  "train_acc": [
    0.4907,
    0.5069,
    0.5019,
    0.5052,
    0.5056,
    0.497,
    0.5055,
    0.5064,
    0.5093,
    0.5093,
    0.5093,
    0.5093,
    0.5093,
    0.5089,
    0.5093,
    0.5093,
    0.5093,
    0.5093,
    0.5093,
    0.5093,
    0.5093,
    0.5093,
    0.5093,
    0.5093,
    0.5093,
    0.5093,
    0.5093,
    0.5093,
    0.5093,
    0.5093
  ],
  "val_loss": [
    0.6939361859112978,
    0.6944642122834921,
    0.6938796509057283,
    0.6938369870185852,
    0.6934283804148436,
    0.6933473572134972,
    0.6932631079107523,
    0.6935822609812021,
    0.6936805881559849,
    0.6938144862651825,
    0.6936998218297958,
    0.6936693582683802,
    0.693642683327198,
    0.6936636604368687,
    0.6936448197811842,
    0.693624721840024,
    0.6936250999569893,
    0.6936321444809437,
    0.6936316657811403,
    0.6936296299099922,
    0.6936482805758715,
    0.6936349775642157,
    0.6936275754123926,
    0.6936324536800385,
    0.6936287563294172,
    0.6936303563416004,
    0.6936242766678333,
    0.693624384701252,
    0.6936248950660229,
    0.6936238631606102
  ],
  "val_acc": [
    0.506,
    0.494,
    0.494,
    0.494,
    0.494,
    0.494,
    0.494,
    0.494,
    0.494,
    0.494,
    0.494,
    0.494,
    0.494,
    0.494,
    0.494,
    0.494,
    0.494,
    0.494,
    0.494,
    0.494,
    0.494,
    0.494,
    0.494,
    0.494,
    0.494,
    0.494,
    0.494,
    0.494,
    0.494,
    0.494
  ],
  "test_loss": 0.6936388332396746,
  "test_acc": 0.51
}